-- phpMyAdmin SQL Dump
-- version 5.2.1
-- https://www.phpmyadmin.net/
--
-- Servidor: 127.0.0.1:3306
-- Tiempo de generación: 07-05-2025 a las 03:37:45
-- Versión del servidor: 9.1.0
-- Versión de PHP: 8.3.14

SET SQL_MODE = "NO_AUTO_VALUE_ON_ZERO";
START TRANSACTION;
SET time_zone = "+00:00";


/*!40101 SET @OLD_CHARACTER_SET_CLIENT=@@CHARACTER_SET_CLIENT */;
/*!40101 SET @OLD_CHARACTER_SET_RESULTS=@@CHARACTER_SET_RESULTS */;
/*!40101 SET @OLD_COLLATION_CONNECTION=@@COLLATION_CONNECTION */;
/*!40101 SET NAMES utf8mb4 */;

--
-- Base de datos: `bplc`
--

-- --------------------------------------------------------

--
-- Estructura de tabla para la tabla `cliente`
--

DROP TABLE IF EXISTS `cliente`;
CREATE TABLE IF NOT EXISTS `cliente` (
  `rut_cliente` int NOT NULL,
  `nombre_cliente` varchar(200) DEFAULT NULL
) ENGINE=InnoDB DEFAULT CHARSET=utf8mb4 COLLATE=utf8mb4_0900_ai_ci;

--
-- Volcado de datos para la tabla `cliente`
--

INSERT INTO `cliente` (`rut_cliente`, `nombre_cliente`) VALUES
(10000000, 'Juan Pérez'),
(10000001, 'María González'),
(10000002, 'Pedro Ramírez'),
(10000003, 'Ana Soto'),
(10000004, 'Carlos Torres'),
(10000005, 'Laura Díaz'),
(10000006, 'Sofía Morales'),
(10000007, 'Miguel Vargas'),
(10000008, 'Camila Herrera'),
(10000009, 'Felipe Castro'),
(10000010, 'Valentina Rojas'),
(10000011, 'Tomás Navarro'),
(10000012, 'Antonia Muñoz'),
(10000013, 'Diego Paredes'),
(10000014, 'Javiera Araya'),
(10000015, 'Benjamín Fuentes'),
(10000016, 'Florencia Lagos'),
(10000017, 'Matías Sepúlveda'),
(10000018, 'Emilia Vera'),
(10000019, 'Ignacio León'),
(10000020, 'Fernanda Molina'),
(10000021, 'Vicente Carrasco'),
(10000022, 'Josefa Peña'),
(10000023, 'Agustín Riquelme'),
(10000024, 'Isidora Palma'),
(10000025, 'Gaspar Reyes'),
(10000026, 'Trinidad Salas'),
(10000027, 'Samuel Bravo'),
(10000028, 'Amanda Figueroa'),
(10000029, 'Cristóbal Cabrera'),
(10000030, 'Daniela Tapia'),
(10000031, 'Lucas Saavedra'),
(10000032, 'Martina Uribe'),
(10000033, 'Joaquín Mena'),
(10000034, 'Renata Escobar'),
(10000035, 'Maximiliano Vidal'),
(10000036, 'Catalina Orellana'),
(10000037, 'Emilio Farías'),
(10000038, 'Amanda Campos'),
(10000039, 'Benjamín Olivares'),
(10000040, 'Rodrigo Sanhueza'),
(10000041, 'Constanza Alarcón'),
(10000042, 'Nicolás Bustos'),
(10000043, 'Gabriela Duarte'),
(10000044, 'Sebastián Leiva'),
(10000045, 'Paula Alvear'),
(10000046, 'Andrés Zamora'),
(10000047, 'Romina Cárdenas'),
(10000048, 'Esteban Meza'),
(10000049, 'Francisca Salgado'),
(10000050, 'Cristian Rivas'),
(10000051, 'Julieta Parra'),
(10000052, 'Alan Rojas'),
(10000053, 'Noelia Godoy'),
(10000054, 'Mauricio Peña'),
(10000055, 'Pamela Varela'),
(10000056, 'Iván Cofré'),
(10000057, 'Carolina Bustamante'),
(10000058, 'Marco Sandoval'),
(10000059, 'Loreto Sepúlveda'),
(10000060, 'Raúl Escalona'),
(10000061, 'Angela Robles'),
(10000062, 'Oscar Miranda'),
(10000063, 'Ximena Pizarro'),
(10000064, 'Héctor Villalobos'),
(10000065, 'Camila Zambrano'),
(10000066, 'Luis Quezada'),
(10000067, 'Rocío Beltrán'),
(10000068, 'René Carranza'),
(10000069, 'Nicole Yáñez'),
(10000070, 'Ernesto Albornoz'),
(10000071, 'Teresa Espinoza'),
(10000072, 'Danilo Urrutia'),
(10000073, 'Verónica Baeza'),
(10000074, 'Guillermo Jara'),
(10000075, 'Patricia Neira'),
(10000076, 'Alexis Barrera'),
(10000077, 'Silvana Tapia'),
(10000078, 'Eduardo Molina'),
(10000079, 'Melanie Huerta'),
(10000080, 'Fabián Mora'),
(10000081, 'Tamara Cubillos'),
(10000082, 'Rubén Retamal'),
(10000083, 'Yesenia Pinto'),
(10000084, 'Bastián Rojas'),
(10000085, 'Viviana Guzmán'),
(10000086, 'Gonzalo Lagos'),
(10000087, 'Paz Reyes'),
(10000088, 'Felipe Neira'),
(10000089, 'Karina Cifuentes'),
(10000090, 'Hugo Rojas'),
(10000091, 'Mónica Duarte'),
(10000092, 'Jorge Salgado'),
(10000093, 'Daniela Pino'),
(10000094, 'Jonathan Valdés'),
(10000095, 'Marina Cortés'),
(10000096, 'Alonso Núñez'),
(10000097, 'Claudia Loyola'),
(10000098, 'Diego Pinto'),
(10000099, 'Nathalie Cea');

-- --------------------------------------------------------

--
-- Estructura de tabla para la tabla `inventario`
--

DROP TABLE IF EXISTS `inventario`;
CREATE TABLE IF NOT EXISTS `inventario` (
  `inventario_corr` int NOT NULL AUTO_INCREMENT,
  `descripcion` varchar(500) CHARACTER SET utf8mb3 COLLATE utf8mb3_spanish_ci NOT NULL,
  `stock_actual` int NOT NULL,
  PRIMARY KEY (`inventario_corr`)
) ENGINE=InnoDB AUTO_INCREMENT=31 DEFAULT CHARSET=utf8mb4 COLLATE=utf8mb4_0900_ai_ci;

--
-- Volcado de datos para la tabla `inventario`
--

INSERT INTO `inventario` (`inventario_corr`, `descripcion`, `stock_actual`) VALUES
(1, 'Martillo de carpintero', 25),
(2, 'Taladro eléctrico', 12),
(3, 'Sierra circular', 8),
(4, 'Llave inglesa ajustable', 30),
(5, 'Cinta métrica de 5m', 15),
(6, 'Nivel de burbuja', 10),
(7, 'Destornillador plano', 22),
(8, 'Destornillador Phillips', 18),
(9, 'Brochas para pintura', 40),
(10, 'Rodillo de pintura', 27),
(11, 'Pala de punta', 35),
(12, 'Pico de construcción', 13),
(13, 'Cincel de acero', 9),
(14, 'Esmeril angular', 7),
(15, 'Alicate universal', 29),
(16, 'Cúter profesional', 21),
(17, 'Guantes de trabajo', 50),
(18, 'Casco de seguridad', 33),
(19, 'Lentes de protección', 41),
(20, 'Botas de seguridad', 17),
(21, 'Andamio modular', 5),
(22, 'Carretilla metálica', 11),
(23, 'Compresor de aire', 6),
(24, 'Pistola de silicona', 14),
(25, 'Llana para cemento', 19),
(26, 'Flexómetro de 10m', 24),
(27, 'Serrucho manual', 16),
(28, 'Cuerda de medición', 20),
(29, 'Clavos de acero (1kg)', 45),
(30, 'Tornillos para madera (100u)', 38);

-- --------------------------------------------------------

--
-- Estructura de tabla para la tabla `movimientos`
--

DROP TABLE IF EXISTS `movimientos`;
CREATE TABLE IF NOT EXISTS `movimientos` (
  `mantencion_corr` int NOT NULL AUTO_INCREMENT,
  `id_inventario` int NOT NULL,
  `fecha_movimiento` date NOT NULL,
  `tipo_movimiento` int NOT NULL,
  PRIMARY KEY (`mantencion_corr`)
) ENGINE=InnoDB AUTO_INCREMENT=151 DEFAULT CHARSET=utf8mb4 COLLATE=utf8mb4_0900_ai_ci;

--
-- Volcado de datos para la tabla `movimientos`
--

INSERT INTO `movimientos` (`mantencion_corr`, `id_inventario`, `fecha_movimiento`, `tipo_movimiento`) VALUES
(1, 22, '2025-01-16', 4),
(2, 10, '2025-01-20', 2),
(3, 4, '2025-02-01', 2),
(4, 6, '2025-03-23', 3),
(5, 16, '2025-02-23', 4),
(6, 30, '2025-01-02', 4),
(7, 26, '2025-01-09', 3),
(8, 11, '2025-02-05', 1),
(9, 11, '2025-03-15', 1),
(10, 6, '2025-03-30', 3),
(11, 12, '2025-03-16', 3),
(12, 23, '2025-03-23', 5),
(13, 14, '2025-01-29', 2),
(14, 19, '2025-02-12', 4),
(15, 1, '2025-02-16', 1),
(16, 11, '2025-03-06', 4),
(17, 3, '2025-02-10', 1),
(18, 26, '2025-01-14', 2),
(19, 8, '2025-03-18', 5),
(20, 30, '2025-01-06', 2),
(21, 15, '2025-02-25', 1),
(22, 10, '2025-01-18', 5),
(23, 4, '2025-03-30', 4),
(24, 28, '2025-01-20', 4),
(25, 25, '2025-01-31', 5),
(26, 26, '2025-02-05', 5),
(27, 2, '2025-01-21', 4),
(28, 25, '2025-01-26', 2),
(29, 22, '2025-01-01', 5),
(30, 3, '2025-01-01', 3),
(31, 24, '2025-01-30', 3),
(32, 24, '2025-03-09', 2),
(33, 21, '2025-03-02', 4),
(34, 22, '2025-01-06', 4),
(35, 11, '2025-01-11', 5),
(36, 21, '2025-03-28', 2),
(37, 29, '2025-01-15', 4),
(38, 22, '2025-01-07', 1),
(39, 19, '2025-01-06', 1),
(40, 1, '2025-03-14', 3),
(41, 28, '2025-02-27', 4),
(42, 7, '2025-01-11', 1),
(43, 22, '2025-03-14', 2),
(44, 12, '2025-01-03', 2),
(45, 29, '2025-01-18', 3),
(46, 11, '2025-01-29', 4),
(47, 4, '2025-02-16', 3),
(48, 29, '2025-02-03', 4),
(49, 20, '2025-02-01', 2),
(50, 3, '2025-02-07', 5),
(51, 3, '2025-02-25', 1),
(52, 25, '2025-03-31', 5),
(53, 3, '2025-03-15', 1),
(54, 2, '2025-01-17', 2),
(55, 4, '2025-02-15', 4),
(56, 12, '2025-02-04', 4),
(57, 11, '2025-02-04', 4),
(58, 24, '2025-03-04', 3),
(59, 30, '2025-03-07', 1),
(60, 24, '2025-01-15', 1),
(61, 2, '2025-03-04', 1),
(62, 28, '2025-01-24', 3),
(63, 25, '2025-02-24', 3),
(64, 15, '2025-01-31', 3),
(65, 21, '2025-02-07', 3),
(66, 10, '2025-02-05', 1),
(67, 16, '2025-01-10', 3),
(68, 9, '2025-03-07', 5),
(69, 14, '2025-01-10', 4),
(70, 9, '2025-02-24', 2),
(71, 9, '2025-01-18', 2),
(72, 20, '2025-03-12', 3),
(73, 5, '2025-03-23', 3),
(74, 2, '2025-02-27', 3),
(75, 20, '2025-03-19', 5),
(76, 20, '2025-01-29', 2),
(77, 17, '2025-03-18', 5),
(78, 7, '2025-01-21', 5),
(79, 8, '2025-02-26', 4),
(80, 1, '2025-03-19', 1),
(81, 5, '2025-03-30', 4),
(82, 6, '2025-02-09', 2),
(83, 23, '2025-02-19', 4),
(84, 24, '2025-02-10', 4),
(85, 3, '2025-03-05', 3),
(86, 28, '2025-02-26', 5),
(87, 14, '2025-01-09', 3),
(88, 15, '2025-03-23', 4),
(89, 9, '2025-02-04', 2),
(90, 19, '2025-03-29', 1),
(91, 21, '2025-03-29', 3),
(92, 27, '2025-02-02', 3),
(93, 22, '2025-02-27', 4),
(94, 3, '2025-01-24', 1),
(95, 5, '2025-03-02', 4),
(96, 28, '2025-02-07', 4),
(97, 27, '2025-03-31', 2),
(98, 6, '2025-02-22', 1),
(99, 21, '2025-02-20', 1),
(100, 18, '2025-03-30', 1),
(101, 7, '2025-01-18', 2),
(102, 25, '2025-03-09', 2),
(103, 22, '2025-01-25', 4),
(104, 8, '2025-03-14', 5),
(105, 19, '2025-03-05', 3),
(106, 6, '2025-03-05', 5),
(107, 11, '2025-03-09', 5),
(108, 7, '2025-02-09', 2),
(109, 6, '2025-01-04', 2),
(110, 23, '2025-02-14', 4),
(111, 22, '2025-02-11', 5),
(112, 21, '2025-02-25', 2),
(113, 27, '2025-03-15', 5),
(114, 16, '2025-02-24', 1),
(115, 19, '2025-01-30', 1),
(116, 6, '2025-03-27', 5),
(117, 21, '2025-03-11', 3),
(118, 23, '2025-01-22', 5),
(119, 17, '2025-02-01', 4),
(120, 29, '2025-02-10', 4),
(121, 15, '2025-02-28', 3),
(122, 18, '2025-02-25', 2),
(123, 14, '2025-02-09', 3),
(124, 16, '2025-03-02', 3),
(125, 4, '2025-01-08', 2),
(126, 10, '2025-01-28', 3),
(127, 11, '2025-02-04', 2),
(128, 26, '2025-01-05', 5),
(129, 16, '2025-03-12', 1),
(130, 6, '2025-03-12', 5),
(131, 2, '2025-01-08', 5),
(132, 5, '2025-03-09', 5),
(133, 21, '2025-01-15', 3),
(134, 28, '2025-02-11', 5),
(135, 9, '2025-01-20', 1),
(136, 25, '2025-02-05', 3),
(137, 10, '2025-02-09', 3),
(138, 17, '2025-03-24', 3),
(139, 1, '2025-03-29', 4),
(140, 30, '2025-02-25', 1),
(141, 9, '2025-03-14', 3),
(142, 8, '2025-01-28', 3),
(143, 26, '2025-02-16', 4),
(144, 14, '2025-03-29', 1),
(145, 21, '2025-03-05', 3),
(146, 27, '2025-01-21', 4),
(147, 3, '2025-03-25', 2),
(148, 5, '2025-03-12', 1),
(149, 16, '2025-01-07', 5),
(150, 14, '2025-03-14', 5);

-- --------------------------------------------------------

--
-- Estructura de tabla para la tabla `prestamo`
--

DROP TABLE IF EXISTS `prestamo`;
CREATE TABLE IF NOT EXISTS `prestamo` (
  `prestamo_corr` int NOT NULL AUTO_INCREMENT,
  `rut_cliente` int NOT NULL,
  `fecha_prestamo_desde` date NOT NULL,
  `fecha_prestamo_hasta` date NOT NULL,
  `inventario_corr` int NOT NULL,
  `cantidad` int NOT NULL,
  PRIMARY KEY (`prestamo_corr`)
) ENGINE=InnoDB AUTO_INCREMENT=201 DEFAULT CHARSET=utf8mb4 COLLATE=utf8mb4_0900_ai_ci;

--
-- Volcado de datos para la tabla `prestamo`
--

INSERT INTO `prestamo` (`prestamo_corr`, `rut_cliente`, `fecha_prestamo_desde`, `fecha_prestamo_hasta`, `inventario_corr`, `cantidad`) VALUES
(1, 10000026, '2024-08-19', '2024-10-09', 185, 4),
(2, 10000048, '2025-01-09', '2025-03-02', 230, 1),
(3, 10000081, '2024-11-11', '2025-01-04', 484, 10),
(4, 10000034, '2024-10-08', '2024-12-22', 464, 9),
(5, 10000025, '2024-03-19', '2024-05-02', 235, 7),
(6, 10000034, '2024-07-19', '2024-08-22', 145, 8),
(7, 10000057, '2024-07-31', '2024-10-23', 146, 5),
(8, 10000099, '2024-09-07', '2024-11-30', 404, 7),
(9, 10000076, '2025-03-27', '2025-06-20', 438, 6),
(10, 10000087, '2025-02-04', '2025-05-02', 415, 1),
(11, 10000093, '2025-03-18', '2025-06-08', 125, 10),
(12, 10000060, '2024-09-06', '2024-10-16', 91, 4),
(13, 10000026, '2024-10-15', '2024-12-22', 369, 8),
(14, 10000025, '2024-11-18', '2024-12-25', 303, 10),
(15, 10000017, '2024-11-05', '2025-01-15', 469, 1),
(16, 10000092, '2024-03-10', '2024-04-06', 199, 7),
(17, 10000000, '2024-11-26', '2025-02-24', 147, 5),
(18, 10000080, '2024-03-29', '2024-04-15', 226, 2),
(19, 10000033, '2024-07-23', '2024-10-13', 177, 5),
(20, 10000013, '2024-08-17', '2024-09-22', 83, 1),
(21, 10000011, '2025-01-22', '2025-03-08', 213, 2),
(22, 10000093, '2024-12-09', '2024-12-28', 9, 4),
(23, 10000004, '2024-05-17', '2024-07-11', 220, 2),
(24, 10000076, '2024-04-10', '2024-06-18', 291, 9),
(25, 10000029, '2024-04-24', '2024-06-19', 249, 7),
(26, 10000094, '2025-02-11', '2025-03-05', 103, 1),
(27, 10000086, '2024-09-24', '2024-10-31', 38, 8),
(28, 10000065, '2024-04-06', '2024-06-03', 500, 3),
(29, 10000060, '2024-10-09', '2025-01-06', 278, 2),
(30, 10000023, '2024-09-20', '2024-11-26', 21, 2),
(31, 10000016, '2024-08-09', '2024-09-12', 174, 4),
(32, 10000025, '2024-04-29', '2024-07-14', 221, 6),
(33, 10000046, '2024-03-14', '2024-06-01', 124, 7),
(34, 10000082, '2024-06-02', '2024-06-10', 193, 1),
(35, 10000097, '2024-04-08', '2024-05-31', 211, 1),
(36, 10000024, '2024-09-20', '2024-12-19', 14, 3),
(37, 10000091, '2024-06-11', '2024-09-08', 186, 1),
(38, 10000053, '2024-03-08', '2024-04-03', 58, 5),
(39, 10000040, '2024-06-25', '2024-09-14', 240, 4),
(40, 10000018, '2024-05-10', '2024-05-21', 376, 3),
(41, 10000005, '2024-05-06', '2024-05-30', 483, 4),
(42, 10000072, '2024-04-30', '2024-05-30', 347, 10),
(43, 10000006, '2024-12-25', '2025-02-13', 470, 10),
(44, 10000049, '2024-04-03', '2024-04-18', 288, 8),
(45, 10000079, '2024-11-28', '2024-12-30', 199, 8),
(46, 10000034, '2024-04-28', '2024-06-19', 455, 2),
(47, 10000071, '2025-02-06', '2025-04-20', 92, 6),
(48, 10000032, '2024-08-15', '2024-10-09', 35, 8),
(49, 10000044, '2024-08-14', '2024-09-29', 5, 4),
(50, 10000099, '2024-04-29', '2024-06-24', 379, 5),
(51, 10000045, '2024-09-21', '2024-12-10', 443, 7),
(52, 10000099, '2024-04-27', '2024-06-06', 371, 1),
(53, 10000054, '2024-10-23', '2025-01-06', 245, 7),
(54, 10000097, '2024-09-09', '2024-11-16', 217, 9),
(55, 10000012, '2024-08-08', '2024-09-11', 89, 9),
(56, 10000026, '2024-10-13', '2025-01-01', 369, 1),
(57, 10000002, '2025-01-19', '2025-03-07', 380, 8),
(58, 10000004, '2025-01-28', '2025-04-10', 278, 3),
(59, 10000081, '2024-07-07', '2024-09-02', 243, 5),
(60, 10000033, '2025-03-25', '2025-04-21', 302, 2),
(61, 10000086, '2024-05-07', '2024-07-09', 256, 3),
(62, 10000092, '2024-05-11', '2024-07-09', 293, 3),
(63, 10000014, '2024-09-11', '2024-10-21', 28, 10),
(64, 10000068, '2025-02-16', '2025-03-27', 176, 9),
(65, 10000036, '2024-05-15', '2024-07-25', 71, 5),
(66, 10000089, '2024-12-28', '2025-01-27', 330, 3),
(67, 10000009, '2025-03-22', '2025-05-26', 335, 7),
(68, 10000049, '2024-10-31', '2025-01-29', 296, 3),
(69, 10000078, '2024-07-27', '2024-10-09', 211, 10),
(70, 10000070, '2025-03-16', '2025-06-03', 154, 7),
(71, 10000030, '2024-08-13', '2024-10-20', 327, 3),
(72, 10000037, '2024-11-14', '2025-01-18', 74, 10),
(73, 10000069, '2024-04-24', '2024-07-22', 110, 1),
(74, 10000036, '2024-08-15', '2024-10-02', 24, 1),
(75, 10000074, '2024-11-02', '2024-12-16', 440, 10),
(76, 10000070, '2025-02-28', '2025-05-03', 200, 1),
(77, 10000041, '2024-10-01', '2024-10-30', 441, 1),
(78, 10000003, '2024-12-27', '2025-01-12', 492, 2),
(79, 10000026, '2024-08-27', '2024-11-04', 287, 2),
(80, 10000012, '2024-12-18', '2025-02-14', 159, 10),
(81, 10000051, '2025-02-28', '2025-04-04', 339, 10),
(82, 10000075, '2025-03-05', '2025-05-12', 168, 10),
(83, 10000035, '2024-11-03', '2025-01-12', 61, 8),
(84, 10000028, '2025-02-24', '2025-03-23', 238, 5),
(85, 10000092, '2024-03-04', '2024-04-13', 262, 7),
(86, 10000097, '2025-01-25', '2025-02-28', 443, 5),
(87, 10000096, '2024-07-28', '2024-09-19', 17, 7),
(88, 10000053, '2024-05-21', '2024-07-08', 358, 4),
(89, 10000010, '2025-02-08', '2025-03-29', 368, 6),
(90, 10000062, '2024-03-20', '2024-03-28', 9, 8),
(91, 10000070, '2024-03-08', '2024-05-01', 401, 9),
(92, 10000017, '2024-05-21', '2024-06-12', 436, 4),
(93, 10000041, '2024-03-31', '2024-04-16', 232, 9),
(94, 10000049, '2024-08-18', '2024-09-13', 170, 1),
(95, 10000073, '2024-05-25', '2024-08-12', 59, 4),
(96, 10000098, '2024-03-30', '2024-05-17', 355, 6),
(97, 10000042, '2024-07-16', '2024-08-16', 231, 1),
(98, 10000083, '2024-07-09', '2024-09-11', 273, 3),
(99, 10000029, '2024-03-18', '2024-04-22', 229, 1),
(100, 10000023, '2024-05-16', '2024-07-15', 160, 9),
(101, 10000001, '2024-08-07', '2024-08-22', 266, 2),
(102, 10000058, '2024-10-04', '2024-10-20', 279, 6),
(103, 10000095, '2025-03-17', '2025-03-26', 272, 3),
(104, 10000027, '2024-08-10', '2024-10-31', 18, 4),
(105, 10000082, '2024-09-02', '2024-11-21', 433, 4),
(106, 10000085, '2024-06-13', '2024-09-09', 161, 1),
(107, 10000075, '2025-02-09', '2025-05-09', 400, 9),
(108, 10000060, '2024-05-30', '2024-06-28', 384, 5),
(109, 10000078, '2024-10-15', '2024-11-15', 99, 2),
(110, 10000023, '2025-01-05', '2025-02-24', 312, 1),
(111, 10000006, '2024-08-28', '2024-09-18', 411, 5),
(112, 10000046, '2024-08-24', '2024-09-16', 137, 8),
(113, 10000070, '2024-03-12', '2024-06-02', 464, 7),
(114, 10000042, '2024-06-01', '2024-07-22', 367, 8),
(115, 10000031, '2024-08-19', '2024-09-21', 19, 5),
(116, 10000036, '2024-07-26', '2024-09-12', 92, 3),
(117, 10000099, '2024-04-28', '2024-05-19', 342, 3),
(118, 10000088, '2024-05-11', '2024-07-09', 393, 4),
(119, 10000030, '2024-09-16', '2024-11-06', 352, 7),
(120, 10000064, '2024-03-06', '2024-05-03', 6, 6),
(121, 10000014, '2024-06-23', '2024-07-27', 496, 10),
(122, 10000009, '2025-03-24', '2025-05-04', 151, 4),
(123, 10000062, '2025-02-06', '2025-03-14', 391, 7),
(124, 10000077, '2025-03-08', '2025-03-25', 486, 3),
(125, 10000065, '2024-04-19', '2024-07-11', 440, 1),
(126, 10000027, '2024-06-15', '2024-08-29', 197, 3),
(127, 10000065, '2025-02-10', '2025-03-28', 411, 8),
(128, 10000002, '2025-03-12', '2025-04-24', 339, 1),
(129, 10000096, '2024-03-08', '2024-04-27', 328, 10),
(130, 10000004, '2024-06-14', '2024-06-28', 153, 4),
(131, 10000053, '2024-07-21', '2024-08-15', 433, 10),
(132, 10000053, '2025-01-17', '2025-03-31', 9, 9),
(133, 10000032, '2024-11-27', '2025-02-18', 214, 4),
(134, 10000000, '2024-11-13', '2025-02-07', 187, 7),
(135, 10000086, '2024-04-24', '2024-06-10', 164, 1),
(136, 10000023, '2024-06-11', '2024-07-10', 149, 10),
(137, 10000038, '2024-04-22', '2024-04-29', 55, 6),
(138, 10000018, '2024-10-05', '2024-12-31', 443, 1),
(139, 10000032, '2025-01-11', '2025-01-28', 146, 6),
(140, 10000036, '2025-01-20', '2025-04-04', 497, 8),
(141, 10000030, '2024-05-16', '2024-07-03', 122, 5),
(142, 10000054, '2024-10-28', '2025-01-15', 293, 4),
(143, 10000024, '2024-10-14', '2024-12-09', 340, 2),
(144, 10000039, '2025-02-04', '2025-03-20', 22, 2),
(145, 10000025, '2024-09-05', '2024-10-26', 388, 7),
(146, 10000036, '2024-03-03', '2024-04-04', 357, 7),
(147, 10000078, '2024-06-17', '2024-08-18', 284, 4),
(148, 10000015, '2024-09-28', '2024-10-11', 26, 10),
(149, 10000020, '2024-12-03', '2025-02-07', 275, 8),
(150, 10000016, '2024-11-12', '2024-12-03', 91, 7),
(151, 10000068, '2024-03-09', '2024-05-05', 22, 9),
(152, 10000097, '2025-01-10', '2025-04-01', 4, 7),
(153, 10000087, '2024-05-31', '2024-07-24', 226, 1),
(154, 10000035, '2025-03-16', '2025-04-13', 112, 5),
(155, 10000096, '2024-05-03', '2024-07-11', 146, 10),
(156, 10000081, '2024-06-15', '2024-07-26', 420, 7),
(157, 10000029, '2024-04-16', '2024-06-18', 198, 2),
(158, 10000059, '2025-01-08', '2025-01-15', 137, 2),
(159, 10000025, '2025-01-03', '2025-02-25', 324, 3),
(160, 10000097, '2024-04-12', '2024-05-28', 340, 9),
(161, 10000056, '2024-07-22', '2024-08-12', 81, 5),
(162, 10000019, '2024-04-01', '2024-05-12', 280, 9),
(163, 10000000, '2025-03-11', '2025-04-18', 110, 10),
(164, 10000022, '2024-09-07', '2024-11-17', 99, 7),
(165, 10000053, '2024-04-09', '2024-05-19', 195, 9),
(166, 10000062, '2024-07-05', '2024-08-23', 499, 2),
(167, 10000038, '2024-09-09', '2024-11-13', 409, 4),
(168, 10000015, '2024-05-16', '2024-05-27', 179, 4),
(169, 10000010, '2024-05-07', '2024-07-19', 109, 7),
(170, 10000079, '2024-07-16', '2024-10-14', 1, 3),
(171, 10000007, '2024-10-17', '2025-01-03', 417, 1),
(172, 10000053, '2024-08-20', '2024-10-14', 154, 10),
(173, 10000031, '2025-01-04', '2025-03-30', 193, 6),
(174, 10000080, '2025-01-24', '2025-02-18', 491, 3),
(175, 10000001, '2024-03-24', '2024-03-31', 87, 1),
(176, 10000079, '2025-03-17', '2025-04-06', 146, 6),
(177, 10000034, '2025-01-04', '2025-03-05', 368, 4),
(178, 10000071, '2025-01-22', '2025-02-06', 168, 7),
(179, 10000095, '2024-12-28', '2025-01-18', 148, 8),
(180, 10000036, '2024-03-29', '2024-04-08', 45, 2),
(181, 10000083, '2024-08-29', '2024-10-16', 274, 3),
(182, 10000066, '2024-03-01', '2024-05-11', 253, 4),
(183, 10000086, '2024-09-02', '2024-11-22', 172, 8),
(184, 10000065, '2024-12-05', '2025-01-15', 396, 4),
(185, 10000052, '2024-08-03', '2024-08-13', 208, 4),
(186, 10000095, '2024-10-16', '2024-12-18', 498, 8),
(187, 10000009, '2024-06-23', '2024-07-15', 391, 8),
(188, 10000051, '2024-03-19', '2024-04-28', 419, 3),
(189, 10000070, '2024-06-28', '2024-09-03', 393, 5),
(190, 10000091, '2025-02-26', '2025-04-30', 329, 3),
(191, 10000035, '2024-03-27', '2024-06-07', 220, 8),
(192, 10000006, '2024-03-10', '2024-05-24', 325, 3),
(193, 10000085, '2025-01-07', '2025-01-16', 360, 7),
(194, 10000048, '2024-06-26', '2024-09-02', 24, 1),
(195, 10000024, '2025-02-05', '2025-04-18', 300, 2),
(196, 10000084, '2024-07-21', '2024-10-06', 14, 2),
(197, 10000011, '2025-01-08', '2025-03-05', 428, 9),
(198, 10000072, '2024-03-29', '2024-04-16', 252, 8),
(199, 10000013, '2024-10-20', '2025-01-07', 81, 7),
(200, 10000000, '2024-03-25', '2024-05-03', 319, 10);

-- --------------------------------------------------------

--
-- Estructura de tabla para la tabla `tipo_movimiento`
--

DROP TABLE IF EXISTS `tipo_movimiento`;
CREATE TABLE IF NOT EXISTS `tipo_movimiento` (
  `tipo_corr` int NOT NULL AUTO_INCREMENT,
  `descripcion` varchar(50) CHARACTER SET utf8mb3 COLLATE utf8mb3_spanish_ci NOT NULL,
  PRIMARY KEY (`tipo_corr`)
) ENGINE=InnoDB AUTO_INCREMENT=6 DEFAULT CHARSET=utf8mb4 COLLATE=utf8mb4_0900_ai_ci;

--
-- Volcado de datos para la tabla `tipo_movimiento`
--

INSERT INTO `tipo_movimiento` (`tipo_corr`, `descripcion`) VALUES
(1, 'Prestamo'),
(2, 'Disponible'),
(3, 'Mantención'),
(4, 'No Disponible'),
(5, 'Inutilizable');

-- --------------------------------------------------------

--
-- Estructura de tabla para la tabla `usuario`
--

DROP TABLE IF EXISTS `usuario`;
CREATE TABLE IF NOT EXISTS `usuario` (
  `usuario` int NOT NULL AUTO_INCREMENT,
  `password` varchar(16) CHARACTER SET utf8mb3 COLLATE utf8mb3_spanish_ci NOT NULL,
  `permiso` int NOT NULL,
  PRIMARY KEY (`usuario`)
) ENGINE=InnoDB AUTO_INCREMENT=17107689 DEFAULT CHARSET=utf8mb4 COLLATE=utf8mb4_0900_ai_ci;

--
-- Volcado de datos para la tabla `usuario`
--

INSERT INTO `usuario` (`usuario`, `password`, `permiso`) VALUES
(123, 'armando', 2),
(17107688, 'admin01', 1);
COMMIT;

/*!40101 SET CHARACTER_SET_CLIENT=@OLD_CHARACTER_SET_CLIENT */;
/*!40101 SET CHARACTER_SET_RESULTS=@OLD_CHARACTER_SET_RESULTS */;
/*!40101 SET COLLATION_CONNECTION=@OLD_COLLATION_CONNECTION */;
